id;address;zip_code;description;profile_picture_path
1;retrait;90663;../fake-data/blob/hipster.txt;Voiture fin
2;Table immense;22553;../fake-data/blob/hipster.txt;retrait Account Chypre
3;Analyste;76054;../fake-data/blob/hipster.txt;brique Essence eum
4;ronron;34239;../fake-data/blob/hipster.txt;Coordinateur dépôt Magnifique
5;orpiment vermeil;69572;../fake-data/blob/hipster.txt;Rock environ
6;Hybride compacts Account;51316;../fake-data/blob/hipster.txt;spécialiste Vêtements Est
7;afin;71066;../fake-data/blob/hipster.txt;doloribus incidunt lunaire
8;puisque;49648;../fake-data/blob/hipster.txt;Acier
9;que que bleu;95642;../fake-data/blob/hipster.txt;ipsum Thon ding
10;Nord Tanzanie Recyclé;71548;../fake-data/blob/hipster.txt;blablabla mature
